CustomerKey,FirstName,LastName,Gender,City,Region
1,Daniel,Robinson,Male,Stanleyfort,Utah
2,Tracy,Christensen,Male,Heidiville,Alabama
3,Stanley,Cooper,Female,Port Stephanie,Arkansas
4,Diane,Smith,Male,New Pamelaberg,Virginia
5,Emily,Mason,Male,Jeffreyside,Delaware
6,Christian,Davis,Male,Port Heather,Virginia
7,Jeffrey,Durham,Female,West Kathy,Georgia
8,Andrea,Austin,Female,Gibbsville,Vermont
9,Cynthia,Long,Male,East Susanchester,Arizona
10,Heather,Wheeler,Male,Ayalafurt,Maine
11,Krystal,Foster,Male,Davishaven,Connecticut
12,Gary,Ashley,Female,East Erikaport,North Carolina
13,Steven,Wheeler,Male,Lucerochester,Maine
14,Robert,Kim,Female,West Sean,North Carolina
15,Angela,Munoz,Female,New Dominicfurt,Michigan
16,Carolyn,Wagner,Male,Danielleshire,West Virginia
17,Caitlin,Howard,Male,Hodgesburgh,Utah
18,Bryan,Scott,Female,Lake Stacey,Connecticut
19,Levi,Evans,Male,North Jennifer,North Dakota
20,Jessica,Lopez,Female,South Bradley,California
21,Steven,Thomas,Female,East Todd,Arkansas
22,Allison,Padilla,Male,Shaunland,North Carolina
23,Megan,Vazquez,Female,Danielstad,Hawaii
24,James,Phillips,Male,Joelton,Alabama
25,Rhonda,Hoover,Female,North Thomas,Idaho
26,Debra,White,Male,Lake Elizabeth,Kansas
27,Peter,Webster,Female,Jonesland,Ohio
28,Theresa,Benton,Male,East Robert,Kansas
29,Joshua,Hawkins,Female,Krauseborough,Indiana
30,Carolyn,Jones,Female,North Amandachester,Rhode Island
31,Jennifer,Miller,Female,Pricestad,Washington
32,Angela,Davies,Female,East Kimberly,Utah
33,Erin,Johnson,Male,Pachecoburgh,Massachusetts
34,Joe,Morrison,Female,New Andreafort,California
35,Lori,Brown,Male,Lake Richard,Pennsylvania
36,Scott,Torres,Male,Sheribury,Kansas
37,Judith,Morgan,Female,South Sarahchester,Alaska
38,Misty,Johnson,Male,New Debbiefurt,Utah
39,Alexander,Mclaughlin,Male,Brandiside,Tennessee
40,Bradley,Lester,Male,Lake Kevin,North Carolina
41,Justin,Parker,Male,New Phillip,Mississippi
42,Claire,Thomas,Female,Yolandaville,Louisiana
43,Kirsten,Lopez,Male,Howardport,Oregon
44,Gloria,Garcia,Male,Patricialand,Kentucky
45,April,Rush,Female,Lisaport,Virginia
46,Sarah,Thompson,Male,Ianland,Kentucky
47,Vanessa,Pearson,Female,Smithmouth,Kansas
48,Robert,Jones,Female,Vazquezburgh,Oregon
49,Randy,Love,Male,New Lisa,Connecticut
50,Kelsey,Nelson,Male,Hartside,Kansas
51,Gary,Hill,Male,Maynardview,California
52,Christopher,Murray,Male,Lake Shawn,West Virginia
53,Steven,Dominguez,Male,Edwardstown,Rhode Island
54,Trevor,Hansen,Male,North Joshuamouth,Iowa
55,Malik,Humphrey,Female,Wheelermouth,Massachusetts
56,Alexander,Murphy,Male,New Kristinberg,Tennessee
57,Amy,Montoya,Male,Davidstad,Delaware
58,Miguel,Osborne,Female,East Thomas,Oregon
59,Brian,Hall,Female,South Lori,Alabama
60,Jeremy,Collins,Female,North Adam,Pennsylvania
61,Heather,Turner,Female,Brittneyside,Massachusetts
62,Andrew,James,Female,Tinaburgh,Florida
63,Mark,Rodriguez,Female,Travishaven,Oregon
64,Michael,Jones,Male,Fosterchester,Connecticut
65,Jill,Abbott,Female,Tammyborough,Arizona
66,Sheila,Stanton,Female,West Timothyland,Kansas
67,Jill,Anderson,Female,West Margaret,New Hampshire
68,Jacob,Martinez,Female,Vanessatown,Florida
69,April,Miller,Male,West Cassandra,Connecticut
70,Lori,Robbins,Male,South Michelleton,South Dakota
71,Kelly,Brown,Female,Mcconnellmouth,Indiana
72,Joseph,Moses,Female,Kathleenchester,Rhode Island
73,Michael,Lopez,Male,West Christopherland,Alabama
74,Jennifer,Green,Male,Ivanshire,Oklahoma
75,Jeffrey,Fowler,Male,Klineview,Maine
76,Patricia,Knight,Female,Port Claytonport,Virginia
77,Francisco,Bullock,Male,Lake Renee,California
78,Sarah,Jones,Male,Ashleyside,Mississippi
79,Maria,Scott,Male,Port Benjamin,North Carolina
80,Troy,Lawrence,Female,West Christine,Vermont
81,Billy,Nguyen,Female,Davidton,West Virginia
82,Joyce,Tucker,Male,Port Josephmouth,North Dakota
83,Zachary,Stokes,Female,New Lindaberg,North Carolina
84,Jean,Rhodes,Male,Carlhaven,Washington
85,Cody,Anderson,Female,Port Brittanyhaven,Kansas
86,Jeremy,Lowery,Female,West Ashleeshire,Illinois
87,Gerald,Stewart,Female,Lake Jamesmouth,Pennsylvania
88,Edward,Bruce,Female,Darlenefort,Oregon
89,Rachel,Olson,Female,Amandaborough,Idaho
90,Debbie,Price,Male,Christinaport,Missouri
91,Walter,Gardner,Male,West Sabrina,South Carolina
92,Paul,Baker,Female,North Jessica,Pennsylvania
93,Stephen,Walker,Female,Julialand,Kansas
94,Victor,Krueger,Female,Lake Omar,Kansas
95,Kayla,Lewis,Male,Mathewsfurt,Idaho
96,Sherri,Garza,Male,Freemanfurt,Delaware
97,Steve,Scott,Male,East Jay,Arkansas
98,David,Bailey,Female,East Chadmouth,Georgia
99,David,Garcia,Male,Doyleton,Florida
100,Lisa,Ballard,Female,Rodriguezstad,Oregon
101,Timothy,Walker,Male,Port Ryanton,Connecticut
102,Alexander,Wells,Female,Baileytown,Idaho
103,Barbara,Christian,Male,Calebside,Kentucky
104,Melissa,Davis,Female,Lake Heather,Maine
105,Wesley,Contreras,Male,Lake Kimberly,Utah
106,Mark,Williams,Female,New Zacharystad,Massachusetts
107,Hannah,Hughes,Female,New Zachary,Wyoming
108,Alexis,Palmer,Male,Robinsontown,Utah
109,James,Miller,Female,Sarahmouth,North Dakota
110,Lori,Knox,Male,Jeffreyland,Tennessee
111,Eric,Miller,Male,South Daniel,Utah
112,Max,James,Female,South Heatherberg,Wyoming
113,Nathaniel,Hensley,Female,Michaeltown,Missouri
114,Roberto,Chan,Female,Lake Kathymouth,Oklahoma
115,Susan,Wallace,Female,Danielville,South Carolina
116,Claire,Bailey,Male,Baileychester,Connecticut
117,Carlos,Roberts,Female,New Brittneyberg,California
118,Jonathan,Perry,Male,New Cathyville,California
119,Andrew,Stewart,Male,West Kathrynland,Rhode Island
120,Katherine,Campbell,Female,East Matthew,Massachusetts
121,Eric,Brooks,Male,Anthonychester,Delaware
122,Jeffrey,Cunningham,Female,Bakerfort,Washington
123,Mary,Mcdonald,Male,Annahaven,Nebraska
124,Elizabeth,Peterson,Female,East Tannerchester,Georgia
125,Alexander,Huff,Female,Amandaville,California
126,Diana,Taylor,Female,Matthewview,Arkansas
127,Emily,Ramirez,Female,East Paige,Pennsylvania
128,Lacey,Wiggins,Female,Wilkersonfort,Nebraska
129,Jessica,Soto,Female,Richardland,Pennsylvania
130,Matthew,Sims,Male,Kimberlyhaven,Tennessee
131,John,Thomas,Female,Warrenport,Louisiana
132,Christopher,Nielsen,Female,Lake Mark,Virginia
133,Thomas,Edwards,Male,Sethmouth,Michigan
134,Candace,Mcintosh,Male,Port David,Arkansas
135,Lori,Tran,Female,Lake Christopher,New York
136,Steven,Wood,Male,Elizabethbury,Wisconsin
137,Craig,Washington,Male,Thompsonburgh,Minnesota
138,John,Davis,Male,New James,North Carolina
139,Kristina,Lopez,Male,South Stephanieland,California
140,Michelle,Le,Female,Robertsfort,Alaska
141,Shelby,Wolf,Female,Maddenland,Minnesota
142,Dawn,Valdez,Male,Stevensburgh,Massachusetts
143,Dennis,Morgan,Female,Lake Michael,Arizona
144,Kimberly,Robinson,Female,South Krista,Kentucky
145,Walter,Reid,Female,West Lisachester,Idaho
146,Kevin,Reyes,Female,South Mallorymouth,North Dakota
147,Tanner,Sullivan,Male,Lopezside,Louisiana
148,Michael,Guerrero,Female,Lake Emily,South Dakota
149,Kimberly,Ortiz,Female,Port Mark,Rhode Island
150,David,Ware,Female,Morrismouth,North Carolina
151,David,Young,Male,West Kristinefort,Kentucky
152,Michael,Friedman,Male,Antoniochester,Virginia
153,John,Moore,Female,South Valerieview,Wisconsin
154,Morgan,Roberts,Male,South Gloria,Louisiana
155,Edward,Garcia,Male,Tuckerton,Mississippi
156,Nancy,Green,Male,Port Eric,Pennsylvania
157,William,Clark,Female,Laurenville,Iowa
158,Diane,Hawkins,Male,Thompsonborough,Kentucky
159,Christopher,Ross,Male,Mooremouth,North Dakota
160,Michael,Ferguson,Male,Fletcherburgh,Washington
161,Emily,Harris,Male,Hallland,Nebraska
162,Veronica,Crane,Female,Woodmouth,Minnesota
163,Steven,Davenport,Female,New Lindaview,Mississippi
164,Joseph,Jenkins,Female,Janetshire,Pennsylvania
165,Sarah,Haas,Male,Garciaville,Montana
166,Michelle,Skinner,Male,Jamesshire,Washington
167,Amber,Fox,Male,West Robert,Connecticut
168,Leslie,Smith,Female,Port Anthonyburgh,Arizona
169,Heather,Perez,Female,New Deborahburgh,Washington
170,Christopher,Rubio,Female,Taraville,New Mexico
171,Shelley,Wells,Female,Juliebury,Wisconsin
172,Jason,Meyer,Male,Travisbury,Arkansas
173,Paul,Porter,Male,North Andrew,North Dakota
174,Mallory,Mills,Male,North Josephfurt,New Mexico
175,Donna,Fowler,Female,New Robinside,Maryland
176,Elizabeth,Chang,Male,Hoodborough,Rhode Island
177,Amanda,Clark,Male,South Angelaborough,Hawaii
178,Kyle,Jones,Female,North Edward,South Dakota
179,James,Smith,Male,Port Isabel,Nevada
180,Elizabeth,Reese,Female,Charleschester,Connecticut
181,Daniel,Miller,Female,New Stevenburgh,Alabama
182,Daniel,Bridges,Male,North Mark,Ohio
183,Matthew,Garcia,Male,West Tyler,Colorado
184,Randall,Roberts,Male,Johnshire,Delaware
185,Monica,Taylor,Male,Carrborough,Alabama
186,Virginia,Martin,Female,Emilyland,Rhode Island
187,Derrick,Lyons,Female,Austinton,Georgia
188,Lisa,Hill,Male,Jeffreyfurt,Tennessee
189,Brandy,Matthews,Female,Jeromechester,New York
190,Dustin,Torres,Female,Barbaraview,Wyoming
191,Diane,Gray,Male,North Cynthiaberg,Nevada
192,Matthew,Williams,Male,North Lisaburgh,Wyoming
193,Pamela,Williams,Female,Lake Norma,Minnesota
194,Lisa,Nelson,Female,South Hannahchester,Nebraska
195,Brandi,White,Male,Huangchester,Illinois
196,Catherine,Carroll,Female,South Dennisside,Wisconsin
197,Tammy,Mcdonald,Male,Sarahchester,Idaho
198,Paul,Simmons,Male,Marshallfurt,Alaska
199,Johnathan,Williams,Male,Port Patrick,New Mexico
200,Jason,Johnson,Male,North Johnview,Massachusetts
201,Brandy,Miller,Female,Aprilshire,Wyoming
202,Devin,Jones,Male,East John,Tennessee
203,Eric,Robinson,Female,Williamsside,Tennessee
204,Madison,Baxter,Female,New Jessica,Alabama
205,Bailey,Riddle,Male,Port Louisfort,Oklahoma
206,Sara,Gibson,Female,Trevorburgh,North Carolina
207,Kayla,Cole,Female,Mollyton,Minnesota
208,John,Ferguson,Female,Lake Jennifer,Montana
209,Matthew,Casey,Female,Richardfort,Montana
210,Lisa,Rivera,Male,Port Danielshire,Kansas
211,Amanda,Stevens,Female,Deborahville,Florida
212,Nathan,Manning,Male,New Oscarland,Washington
213,Daniel,Henry,Male,Butlerstad,Tennessee
214,David,Armstrong,Female,Cooperfurt,Utah
215,Daniel,Brown,Female,Sarahstad,Wisconsin
216,Anthony,Coleman,Female,Christinashire,Wyoming
217,Sarah,Smith,Female,Boylehaven,Utah
218,Nancy,Gordon,Female,South Janet,Connecticut
219,Kenneth,Jones,Female,East Matthewmouth,Michigan
220,Amy,Maxwell,Female,Wardfurt,Utah
221,Heidi,Hamilton,Male,South Joseph,Missouri
222,Michael,Vargas,Female,East Jenny,Hawaii
223,Laura,Lane,Male,Williamsville,Alabama
224,Melanie,Cain,Female,Sandraborough,Massachusetts
225,Catherine,Hill,Female,Melissaside,Arkansas
226,Jacob,Donaldson,Female,Arroyobury,Maine
227,Juan,Griffin,Male,Alvarezville,Iowa
228,Michael,Armstrong,Female,West Sean,Rhode Island
229,Holly,Torres,Male,Gregoryport,Minnesota
230,Ralph,Thomas,Male,Erikborough,Kentucky
231,Louis,Wilson,Male,East Dale,Montana
232,Jason,Johnson,Female,East Martin,New Hampshire
233,Brittany,Smith,Male,Rodriguezville,Iowa
234,Paul,Gomez,Female,Adamsshire,Mississippi
235,Dennis,Smith,Male,Randallport,Maryland
236,Michael,West,Female,Laurenmouth,Texas
237,John,King,Female,Ashleyton,Texas
238,Audrey,Hoover,Female,West Raymond,New Mexico
239,Renee,Smith,Male,Jenkinston,New Hampshire
240,Shelby,Bell,Female,South Jonathan,Louisiana
241,Michael,Allen,Female,Lauraview,New Jersey
242,Eric,Thomas,Male,East Patrickport,Pennsylvania
243,Kimberly,Chang,Male,Lake Victoria,New Hampshire
244,Brittany,Brown,Male,Jacobfurt,Iowa
245,Keith,Parker,Female,Port Brady,Pennsylvania
246,Tim,Johnson,Male,Katieville,South Dakota
247,Christine,Walker,Male,Port Kendrastad,South Dakota
248,Willie,Morgan,Female,Port Lindaborough,Virginia
249,Erin,Jones,Female,Williechester,Louisiana
250,Patrick,Wade,Male,West Andrew,Washington
251,John,Washington,Female,South Tonya,Montana
252,Kenneth,Rowe,Female,North Breanna,Kansas
253,Jeffrey,Hudson,Female,East Scott,Iowa
254,Jeremy,Castillo,Male,Lewisport,Maine
255,Crystal,Pena,Male,East Phyllisborough,Arizona
256,Kelly,Walker,Male,Port Anthony,Missouri
257,Lisa,Alvarado,Female,Ashleyshire,Vermont
258,Sarah,Erickson,Female,Lake Timothy,Minnesota
259,Michael,Wilson,Male,Laneland,Oregon
260,Elizabeth,Sanford,Male,New Joycemouth,Kansas
261,Katherine,Woods,Male,Elizabethmouth,Oregon
262,Angela,Harris,Male,Nobleburgh,New Jersey
263,Chelsea,Lee,Male,Port Michael,Indiana
264,Daniel,Davis,Male,Port Danielhaven,Nebraska
265,Kathryn,White,Female,Luismouth,Delaware
266,Matthew,Butler,Female,Christopherbury,North Carolina
267,Lisa,Weaver,Female,Scotttown,Alabama
268,Peter,Lloyd,Male,Lake Davidburgh,Wisconsin
269,Travis,Christian,Female,Vanessashire,Florida
270,Keith,Powell,Male,Garciastad,Arizona
271,Jennifer,Fuller,Female,Hollowayland,Connecticut
272,Melissa,Dixon,Female,Lefort,Oklahoma
273,Susan,Warner,Male,Terrellchester,Kentucky
274,Jared,Jackson,Female,Wileymouth,Arizona
275,Ryan,Dunn,Female,Lovebury,Oklahoma
276,Chad,Wiggins,Male,Port Seanshire,Oregon
277,James,Cooley,Male,Lake Dwayne,Oklahoma
278,Richard,Roy,Male,Port Charles,Maine
279,Anthony,Espinoza,Female,Robertside,Maine
280,Denise,Hill,Female,Debraborough,Missouri
281,Dennis,Jacobs,Male,New Brandonbury,Oregon
282,Corey,Williams,Female,South Donna,Montana
283,Lorraine,Johnson,Female,Lindseyshire,Florida
284,Alexa,Flores,Female,Bradleyport,Washington
285,Joseph,Taylor,Female,Rhodesfurt,Maine
286,Henry,Smith,Female,Brandyburgh,Wyoming
287,Erin,Jordan,Male,East Jamesmouth,North Carolina
288,Robert,Huerta,Male,East Oscarchester,Idaho
289,Brian,Bryan,Female,Anthonyville,Massachusetts
290,Steven,Wagner,Male,Lake Ashleyport,Alaska
291,Michelle,Holmes,Male,West Sara,Colorado
292,Bethany,Park,Female,New Latoyatown,Arizona
293,Christopher,Martin,Male,Travisbury,South Carolina
294,Eileen,Wilcox,Female,Lake Lisastad,Massachusetts
295,Robyn,Jones,Male,Port Matthewview,Massachusetts
296,Wendy,Snyder,Male,Sonyamouth,Kentucky
297,Billy,Foster,Female,New Jamesview,Texas
298,Victor,Sparks,Male,Cookburgh,Connecticut
299,Brenda,Adams,Female,Lake Andrewland,Arizona
300,Kevin,Carrillo,Male,New Angela,North Dakota
301,David,Lewis,Male,Clarkland,Georgia
302,Cassandra,Jones,Male,Patrickfurt,Texas
303,Stephanie,Brown,Female,Ashleytown,Alaska
304,Frederick,Thompson,Male,Jenniferfurt,Washington
305,Eric,Willis,Male,Smallside,Colorado
306,Michael,Edwards,Male,Guzmanburgh,Arkansas
307,Debra,Davis,Male,Danielland,Arizona
308,Kristine,Graves,Female,Lake Erictown,Virginia
309,William,Lopez,Male,Robertburgh,Wisconsin
310,Crystal,Ramirez,Female,South Aaronshire,West Virginia
311,Christopher,Curtis,Male,Jillchester,New Mexico
312,Taylor,Mckinney,Male,North Rossstad,Arizona
313,Timothy,Villarreal,Female,Natashaside,Massachusetts
314,Dale,Rodriguez,Female,Thompsonview,Oregon
315,Omar,Bush,Male,South Brittany,Rhode Island
316,Drew,Davidson,Male,Bradleyside,New Jersey
317,Jason,Hall,Female,Melissatown,Colorado
318,Dominique,Thomas,Male,West Jaimestad,Georgia
319,Sabrina,Carter,Female,Reeseland,New York
320,Christopher,Martin,Male,Hernandezmouth,Tennessee
321,Anthony,Cross,Female,New Scott,Pennsylvania
322,Jason,Buckley,Female,West Michaelport,New Jersey
323,Kelsey,Casey,Female,Lake Alexander,Kansas
324,Crystal,Holder,Male,South Barry,Tennessee
325,James,Glass,Female,Michaelton,Indiana
326,Brittany,Blackwell,Male,Paulburgh,New Hampshire
327,Ronald,Day,Female,South Rachaelbury,Nevada
328,Shelley,Duncan,Male,Lloydhaven,Hawaii
329,Nicholas,Mccormick,Male,East Krystal,Alabama
330,William,Jones,Male,Saraport,Utah
331,Christine,Brown,Male,Williamsmouth,Illinois
332,Cory,Smith,Female,South Eric,Hawaii
333,Jennifer,Maynard,Female,Sotohaven,North Dakota
334,Jamie,Coleman,Male,Lake Kellymouth,Rhode Island
335,Pamela,Williams,Female,Lake Raventon,Indiana
336,Jessica,Weber,Male,West Denise,Utah
337,Richard,Watson,Female,Amyview,Arkansas
338,Angela,Wood,Male,East Joshualand,Oregon
339,Robert,Sims,Male,Adamsbury,Pennsylvania
340,Michael,Young,Female,New Jaclynside,California
341,Seth,Bell,Female,South Jeff,Ohio
342,Susan,Durham,Female,Goodmanhaven,Mississippi
343,Tina,Robles,Female,Melodyhaven,Connecticut
344,Sarah,Smith,Female,Annaborough,Rhode Island
345,Kristie,Strickland,Female,West Robert,Oregon
346,Renee,Paul,Male,Port Josephchester,Maine
347,Jillian,Herrera,Female,East Maryborough,Maryland
348,Dustin,Dennis,Male,Josephberg,Kansas
349,Andrew,Garcia,Female,East John,Kentucky
350,Peter,Ramirez,Male,Grayborough,Rhode Island
351,Jennifer,Phillips,Male,West Erika,Kansas
352,Tiffany,Ross,Male,East Kristiberg,Alabama
353,Jason,Brady,Male,South Charlesland,West Virginia
354,Samantha,Leblanc,Male,Teresamouth,Delaware
355,Alexander,Larsen,Male,Amberton,Oklahoma
356,Maurice,Edwards,Male,Robertchester,Missouri
357,Becky,Obrien,Female,South Debrafort,Texas
358,Kristin,Martinez,Male,New Eduardo,New Mexico
359,Javier,Morgan,Male,North Annetteview,Mississippi
360,Kimberly,Hawkins,Male,East Theresatown,Mississippi
361,Brenda,Howard,Male,East Alexis,Arizona
362,Miranda,Robinson,Female,North Samuelside,Connecticut
363,Randy,Mays,Female,Wilkinsonview,Wyoming
364,James,Martinez,Male,Charlesland,Colorado
365,Cory,Carter,Male,Lake Patriciashire,Wyoming
366,Amy,Barnes,Male,North Tamara,Illinois
367,Angela,Vazquez,Male,New Markview,Louisiana
368,Carla,Stewart,Male,North Kathryn,Arizona
369,Wesley,Collins,Male,Michaelhaven,North Carolina
370,Tiffany,Weber,Female,New Hannahland,Utah
371,Andrew,Mitchell,Female,Lake Lisaburgh,New Mexico
372,Matthew,Lewis,Female,Port Denisemouth,Massachusetts
373,Michele,Murphy,Female,East Stephenside,New Jersey
374,Amy,Fry,Female,East Roseview,Montana
375,Gregory,Cunningham,Female,Sparksfurt,Indiana
376,Kristin,Shepherd,Female,North Carolinefort,New Jersey
377,Dana,Mitchell,Male,Higginsview,Pennsylvania
378,Catherine,Jones,Female,Aguilarview,South Dakota
379,Joshua,Brooks,Male,Flowersborough,Kentucky
380,Rebecca,Leach,Male,Lake Sherrifurt,Kentucky
381,Karen,Jones,Male,South Benjamin,Idaho
382,Michelle,Salas,Female,Port Teresaland,West Virginia
383,Randall,Quinn,Male,New Charles,Hawaii
384,Joshua,Rhodes,Female,Tinaview,Florida
385,Anthony,Williams,Female,Ayalaview,Kansas
386,Lori,Simmons,Female,Lake Kathryn,Alaska
387,Brianna,Walsh,Female,South Chadchester,Rhode Island
388,Samantha,Small,Female,Peckville,Maine
389,Brian,Richard,Male,Rhondamouth,New Mexico
390,Brian,Hernandez,Female,East Samantha,Minnesota
391,Kathy,Ramos,Male,Gonzalezton,Arizona
392,Jessica,Carroll,Female,Port Haleyhaven,Delaware
393,Daryl,Brown,Female,North Meganburgh,Rhode Island
394,Miguel,Nunez,Female,South Brandon,Illinois
395,Brittany,Johns,Female,Colonport,North Dakota
396,Robert,Warner,Female,Meganville,Connecticut
397,Ross,Stephens,Female,Graymouth,Vermont
398,Matthew,Alvarado,Female,North Brandon,Wyoming
399,Justin,Foster,Male,Douglasberg,Wyoming
400,Steven,Jones,Female,Timothyfurt,Pennsylvania
401,David,Allen,Male,New Angel,Oklahoma
402,Veronica,Johnson,Female,Marciatown,Rhode Island
403,Kyle,Wallace,Male,Vincentstad,Vermont
404,Adrienne,Proctor,Female,Nathanielborough,Minnesota
405,Mary,Willis,Female,Lake Carolyn,New Jersey
406,John,Fernandez,Male,North Kelsey,Oregon
407,Daniel,Miller,Female,South Ericview,California
408,Joshua,Conrad,Female,South Derek,New York
409,Megan,Flowers,Male,North Matthew,Missouri
410,Christine,Torres,Male,Jenniferton,Wisconsin
411,Mary,Daniel,Male,New Jeremy,Wisconsin
412,Samuel,Olson,Female,Bennettbury,Missouri
413,Anthony,Williams,Female,Port Lauraville,Washington
414,Jessica,Harris,Female,East Richardburgh,Michigan
415,Tyler,Brooks,Female,Andrewside,Illinois
416,Pamela,Gardner,Male,Johnsonfurt,Kentucky
417,Christina,Palmer,Male,North Melissa,Delaware
418,Troy,Rojas,Female,Jeannefort,Pennsylvania
419,Sonia,Lindsey,Male,Port Patrick,Kentucky
420,Holly,Sellers,Female,East Amberfurt,New Mexico
421,Deborah,Lyons,Female,Port Ashleyberg,Utah
422,Lawrence,Morales,Male,Port Christinamouth,Louisiana
423,Erika,Collins,Male,West Teresa,Delaware
424,Adam,West,Female,East Wesleyhaven,Nebraska
425,Cindy,Hernandez,Female,New Morganfurt,Georgia
426,Shawn,Hanson,Male,Lake Miranda,Colorado
427,Jessica,Mcintyre,Male,Mikefurt,Arizona
428,Kayla,Gonzalez,Female,Garciaside,North Dakota
429,Kendra,Santiago,Female,Stevensmouth,Vermont
430,Stephanie,Woods,Female,Lake Mitchellburgh,New Hampshire
431,Lisa,Berg,Male,Melissamouth,Texas
432,Andrew,Waller,Male,Harrisview,Montana
433,Elizabeth,Serrano,Female,Nathanchester,Nevada
434,Jamie,Hernandez,Male,Port Johnshire,Nebraska
435,Thomas,Lane,Female,Johnstonville,Louisiana
436,Bradley,Wallace,Female,Port Mariashire,Wyoming
437,Jason,Serrano,Female,North Andre,New Mexico
438,Dustin,Miller,Male,South Reneebury,Florida
439,Marco,Yates,Female,Lake Robertfort,Pennsylvania
440,Alexandra,Norton,Male,East Shawnfurt,Texas
441,Stephen,Chandler,Male,Herreraburgh,Alabama
442,Kenneth,Martin,Female,West Ryanshire,Arizona
443,Latasha,Camacho,Male,Port Stephenfort,Louisiana
444,Tyrone,Decker,Male,New Stevenmouth,Kentucky
445,Cody,Dunn,Male,Lewisfurt,South Carolina
446,Heather,Caldwell,Male,East Jason,Missouri
447,Nicholas,Lowery,Male,South Desireeshire,Kentucky
448,Lori,Rios,Male,Victoriaville,Oklahoma
449,Steve,Watts,Female,Michelleton,Ohio
450,Brittany,Lopez,Male,Cooperport,Iowa
451,Catherine,Lambert,Male,New Jimmychester,Missouri
452,Brandon,Quinn,Female,Smithtown,Rhode Island
453,Karen,Stevens,Female,Kristopherport,California
454,Annette,Scott,Male,Samanthaton,Alabama
455,Lisa,King,Male,West Shelleyfurt,Minnesota
456,Bryan,Francis,Male,Karenhaven,Delaware
457,Jennifer,Hancock,Female,Brendafort,Washington
458,Marisa,Simmons,Female,West Allison,Ohio
459,Tracey,Taylor,Male,South Nathaniel,Nevada
460,Joshua,Morales,Female,East Thomas,Florida
461,Stephanie,Griffin,Female,Thomasberg,Maryland
462,Ryan,Hernandez,Male,Floresside,North Carolina
463,Hector,Nguyen,Male,Hayesville,Missouri
464,Barbara,Todd,Female,East Thomasshire,Texas
465,Erik,Jones,Male,North Seanstad,Pennsylvania
466,David,Brewer,Male,Jenniferton,Kansas
467,Andrea,Stout,Male,East Kaylaton,South Dakota
468,Bailey,Mueller,Male,Jameston,New Hampshire
469,Christopher,Boyd,Male,Port Emily,New Jersey
470,Madeline,Waters,Female,Yeseniastad,Mississippi
471,Jody,Fritz,Male,Rodriguezmouth,Utah
472,Linda,Barker,Female,Mcdonaldfort,Nebraska
473,Michael,Davis,Male,Andrealand,New York
474,Paige,Grimes,Female,Lesliefurt,Mississippi
475,Eric,Garcia,Female,West Christopher,Arkansas
476,Eric,Flynn,Female,Smithbury,New Mexico
477,Robin,Evans,Male,Laceymouth,Mississippi
478,Jacob,Jackson,Male,Aaronshire,Maine
479,Angela,Robbins,Male,Tonyburgh,Louisiana
480,Wanda,Santiago,Male,Osbornemouth,Missouri
481,Crystal,Hebert,Male,Heatherbury,Wyoming
482,Jessica,Calhoun,Male,Jonathonborough,Florida
483,Kaitlyn,Macias,Male,Christinaborough,Washington
484,David,Baker,Male,Paulaburgh,Georgia
485,Darren,Buckley,Female,South Jeremy,Oregon
486,Jackie,Lewis,Female,Nicholaston,Mississippi
487,James,Davis,Male,North Christopherstad,Kansas
488,Dana,Hayes,Female,West Jamesport,Alaska
489,Michael,Calhoun,Female,South Carla,Minnesota
490,Tyler,Armstrong,Male,New Annestad,Hawaii
491,Andrew,Smith,Female,West Patriciafort,North Carolina
492,Lance,Miller,Male,Dennismouth,Nevada
493,Dennis,Harris,Female,West Charleston,Nevada
494,Joseph,Hamilton,Female,South Heathermouth,South Carolina
495,Lance,Arnold,Male,Austinville,Washington
496,Seth,Stone,Female,Durhammouth,Connecticut
497,Nicholas,Roach,Female,Woodsfurt,California
498,Jeffery,Powell,Male,Ashleymouth,Alaska
499,Cameron,Rice,Male,Lake Hector,Colorado
500,Jennifer,Weiss,Female,Levinestad,Oregon
